vertex_id,longitude,latitude,altitude
1,73.8553149128707,18.5320337137706,0.0
2,73.8565083294954,18.5314536486182,0.0
3,73.857923776517,18.5305552433003,0.0
4,73.8593741842002,18.5298716425371,0.0
5,73.8611289194779,18.529884205423,0.0
6,73.8611519285039,18.5308827728255,0.0
7,73.8619588176584,18.5318328258702,0.0
8,73.8630950732311,18.5329298850722,0.0
9,73.8636165466915,18.5330325256886,0.0
10,73.8654321441337,18.5328161513899,0.0
11,73.8664101998311,18.5334100193661,0.0
12,73.8668537696807,18.5339417267708,0.0
13,73.8675262959592,18.5347990522929,0.0
14,73.8681229798541,18.535632271279,0.0
15,73.86894306679,18.5368320375059,0.0
16,73.8696382425111,18.5376559345029,0.0
17,73.8712068228177,18.539017715517,0.0
18,73.8741044436099,18.5403114399833,0.0
19,73.8767108216102,18.5411946862802,0.0
20,73.8788770205201,18.5417252471908,0.0
21,73.8811344776982,18.5419826413612,0.0
22,73.8837516781496,18.5421786559472,0.0
23,73.8871464335097,18.542532830739,0.0
24,73.8911088343022,18.5427336247001,0.0
25,73.8955200390549,18.5417415756632,0.0
26,73.8997390487056,18.5408745498424,0.0
27,73.90383889147,18.540487144457,0.0
28,73.9084985934097,18.540411959011,0.0
29,73.9152959691798,18.5387269846434,0.0
30,73.9205785873957,18.5383216391751,0.0
31,73.9247206505158,18.5379296181981,0.0
32,73.9300767270791,18.5362023694908,0.0
33,73.9331851702949,18.5354131514973,0.0
34,73.9358954805008,18.5343972364075,0.0
35,73.9388691510795,18.5350862000361,0.0
36,73.9405545855115,18.5359328051317,0.0
37,73.9419286780321,18.5386136940022,0.0
38,73.9430044353069,18.5410291690671,0.0
39,73.9443977924446,18.5431327332345,0.0
40,73.9462432784417,18.5444897263505,0.0
41,73.9482069314268,18.544578456036,0.0
42,73.951147326308,18.5443424524478,0.0
43,73.9532799685623,18.5450110667221,0.0
44,73.9566786019068,18.5457887230117,0.0
45,73.9594265401725,18.5461706965968,0.0
46,73.9643941749805,18.5431014853766,0.0
47,73.9688620776073,18.5421955857956,0.0
48,73.9729317905892,18.5405310430815,0.0
49,73.9743363781186,18.5369334380297,0.0
50,73.9762160101399,18.5325891709847,0.0
51,73.9790841627004,18.5299590460775,0.0
52,73.98252857792,18.5275252847646,0.0
53,73.9861653140718,18.5253627182663,0.0
54,73.9891117596997,18.5232182265651,0.0
55,73.9904145274723,18.5220333311081,0.0
56,73.9912017315388,18.5207625957267,0.0
57,73.9934396753655,18.5210778262678,0.0
58,73.9934203569626,18.5217326986578,0.0
59,73.9929556545733,18.5228187430571,0.0
60,73.9907809641947,18.5247761897542,0.0
61,73.9894149625757,18.5257439137732,0.0
62,73.9873927007775,18.5269935431763,0.0
63,73.9857904598104,18.5275868836694,0.0
64,73.9849886621586,18.5280463180908,0.0
65,73.9841602439146,18.528707641435,0.0
66,73.9827720573172,18.5293121000708,0.0
67,73.9818065715267,18.5299195673982,0.0
68,73.9807400681012,18.5306275201291,0.0
69,73.9800181548527,18.5313231043992,0.0
70,73.9795118845928,18.5314268600002,0.0
71,73.9790839694374,18.5318541666065,0.0
72,73.978648650593,18.532325510984,0.0
73,73.9782121966961,18.5325678152761,0.0
74,73.9780404072444,18.5328442646278,0.0
75,73.9774434413361,18.5338166291493,0.0
76,73.9770141248731,18.534326247069,0.0
77,73.9765370997636,18.5352158401762,0.0
78,73.9761214565726,18.5358132341895,0.0
79,73.9757788858428,18.5363344341884,0.0
80,73.9757564173419,18.5368220704894,0.0
81,73.9756999980497,18.5374975482323,0.0
82,73.9754760482063,18.5381395978626,0.0
83,73.9751568617231,18.53922679053,0.0
84,73.9747471284,18.5397886008943,0.0
85,73.9743875168878,18.5403529729738,0.0
86,73.973914960148,18.5407326024843,0.0
87,73.9734663671051,18.5410472411494,0.0
88,73.9731428704236,18.5418126673688,0.0
89,73.9727437191051,18.5422765298022,0.0
90,73.9717225480914,18.542833495875,0.0
91,73.9710086076098,18.5431069762373,0.0
92,73.9699902019154,18.5434456229533,0.0
93,73.9690544809979,18.5436406690675,0.0
94,73.9681487015741,18.5437965346386,0.0
95,73.9668832061564,18.5441141204051,0.0
96,73.965448372822,18.5444966074133,0.0
97,73.9641740176253,18.544976378333,0.0
98,73.9633027996118,18.5452635547307,0.0
99,73.9627349298755,18.545689142988,0.0
100,73.9617357232789,18.546211551121,0.0
101,73.9608669505561,18.5468866096198,0.0
102,73.9605622137821,18.5472169067969,0.0
103,73.9598420999713,18.5472180920706,0.0
104,73.9588212604435,18.5472793919235,0.0
105,73.9577835043933,18.5472560209779,0.0
106,73.9559521635604,18.5469142399319,0.0
107,73.9551417147491,18.5468218591648,0.0
108,73.9541666890342,18.5465520985712,0.0
109,73.9534321567336,18.5466183400482,0.0
110,73.9524986044064,18.5465935511362,0.0
111,73.9518542120684,18.5464507296488,0.0
112,73.9511897310782,18.5463049927731,0.0
113,73.950246182968,18.5463358359552,0.0
114,73.9495811741598,18.5463521595976,0.0
115,73.9484685076774,18.5462724324,0.0
116,73.9469581709797,18.5461556401977,0.0
117,73.9461332698197,18.5461887494191,0.0
118,73.9453556856856,18.5459960382823,0.0
119,73.9446929700454,18.5456216833401,0.0
120,73.9440998810466,18.5451902328196,0.0
121,73.9435676536825,18.5448387705657,0.0
122,73.9429868057867,18.5444095952082,0.0
123,73.9424508827301,18.5434851031006,0.0
124,73.9417158460666,18.5421102112552,0.0
125,73.940879594329,18.5405310060163,0.0
126,73.9405506402648,18.5395335266708,0.0
127,73.9397336778323,18.5379508300999,0.0
128,73.9387335497038,18.5369583878208,0.0
129,73.9379455706113,18.5367385703242,0.0
130,73.9370590838354,18.5367561354854,0.0
131,73.9361368763198,18.5367751068672,0.0
132,73.9356720642901,18.5368653755686,0.0
133,73.9347561961999,18.5372770078335,0.0
134,73.9341193482241,18.5369982444545,0.0
135,73.933235860612,18.536912219578,0.0
136,73.9321507737694,18.5370470351873,0.0
137,73.9307531134517,18.5374123297053,0.0
138,73.9296989782541,18.5378193212054,0.0
139,73.9290557334786,18.5381198016787,0.0
140,73.9277026063451,18.5386262893181,0.0
141,73.9264335418484,18.5388904277897,0.0
142,73.9252051679891,18.5391018688812,0.0
143,73.924454110075,18.5392464015551,0.0
144,73.9228213032863,18.5394749402751,0.0
145,73.9217318125967,18.5396618554316,0.0
146,73.9199560560795,18.539911587099,0.0
147,73.9182117920061,18.5399839761318,0.0
148,73.9163125078808,18.5401564729295,0.0
149,73.9156722052435,18.5402242355434,0.0
150,73.9135244056498,18.5406380695257,0.0
151,73.9122232606725,18.5408772105996,0.0
152,73.911422329665,18.5410760744845,0.0
153,73.9107621276766,18.5412662871159,0.0
154,73.9097691769505,18.5414317432291,0.0
155,73.9087835643494,18.5415364355221,0.0
156,73.9075987157326,18.5415453431065,0.0
157,73.9061694130236,18.5418801380103,0.0
158,73.9053347894953,18.5419779556025,0.0
159,73.9032587680167,18.5420074547128,0.0
160,73.9010781448286,18.542222063486,0.0
161,73.8975051153579,18.5429139742882,0.0
162,73.8952953242499,18.5433747146357,0.0
163,73.8924135467059,18.5441822779056,0.0
164,73.8904737401361,18.5445195304619,0.0
165,73.8881855918336,18.5444254992439,0.0
166,73.8861755201563,18.5443518018632,0.0
167,73.8845952010039,18.544174507568,0.0
168,73.8828240428926,18.5438832300603,0.0
169,73.8814060147894,18.5436850056015,0.0
170,73.8790081007013,18.5432027467251,0.0
171,73.8760607221838,18.5424207810959,0.0
172,73.8732489063665,18.541397350297,0.0
173,73.8707268133423,18.5404517897668,0.0
174,73.8694362669553,18.5399633098056,0.0
175,73.8683136049699,18.5396614894981,0.0
176,73.8667023090918,18.5390512218819,0.0
177,73.8654829920913,18.5382638853997,0.0
178,73.864681791822,18.5377268384458,0.0
179,73.8637584665822,18.5369641601316,0.0
180,73.8630323480596,18.5359455971684,0.0
181,73.8625390427909,18.5349468748516,0.0
182,73.8615475764828,18.5329732154886,0.0
183,73.8603578454736,18.5322404675688,0.0
184,73.8590691844687,18.5318162311908,0.0
185,73.8584435272098,18.5317734961029,0.0
186,73.8577073145108,18.5319443667409,0.0
187,73.8568189873327,18.5324197039375,0.0
188,73.8559822827582,18.5333472001042,0.0
189,73.8549651618154,18.5328708552545,0.0
190,73.8553149128707,18.5320337137706,0.0
